-- MySQL dump 10.13  Distrib 8.0.35, for Linux (x86_64)
--
-- Host: localhost    Database: gym_finder
-- ------------------------------------------------------
-- Server version	8.0.35-0ubuntu0.20.04.1

/*!40101 SET @OLD_CHARACTER_SET_CLIENT=@@CHARACTER_SET_CLIENT */;
/*!40101 SET @OLD_CHARACTER_SET_RESULTS=@@CHARACTER_SET_RESULTS */;
/*!40101 SET @OLD_COLLATION_CONNECTION=@@COLLATION_CONNECTION */;
/*!50503 SET NAMES utf8mb4 */;
/*!40103 SET @OLD_TIME_ZONE=@@TIME_ZONE */;
/*!40103 SET TIME_ZONE='+00:00' */;
/*!40014 SET @OLD_UNIQUE_CHECKS=@@UNIQUE_CHECKS, UNIQUE_CHECKS=0 */;
/*!40014 SET @OLD_FOREIGN_KEY_CHECKS=@@FOREIGN_KEY_CHECKS, FOREIGN_KEY_CHECKS=0 */;
/*!40101 SET @OLD_SQL_MODE=@@SQL_MODE, SQL_MODE='NO_AUTO_VALUE_ON_ZERO' */;
/*!40111 SET @OLD_SQL_NOTES=@@SQL_NOTES, SQL_NOTES=0 */;

--
-- Table structure for table `district`
--

DROP TABLE IF EXISTS `district`;
/*!40101 SET @saved_cs_client     = @@character_set_client */;
/*!50503 SET character_set_client = utf8mb4 */;
CREATE TABLE `district` (
  `created_at` timestamp(6) NOT NULL DEFAULT CURRENT_TIMESTAMP(6),
  `created_by` varchar(255) DEFAULT NULL,
  `updated_at` timestamp(6) NOT NULL DEFAULT CURRENT_TIMESTAMP(6) ON UPDATE CURRENT_TIMESTAMP(6),
  `updated_by` varchar(255) DEFAULT NULL,
  `is_active` tinyint NOT NULL DEFAULT '1',
  `id` varchar(36) NOT NULL,
  `name` varchar(255) NOT NULL,
  `division_id` varchar(36) DEFAULT NULL,
  PRIMARY KEY (`id`),
  KEY `FK_3212c7b175a6bb4bcf82ff2b899` (`division_id`),
  CONSTRAINT `FK_3212c7b175a6bb4bcf82ff2b899` FOREIGN KEY (`division_id`) REFERENCES `division` (`id`) ON DELETE SET NULL
) ENGINE=InnoDB DEFAULT CHARSET=utf8mb4 COLLATE=utf8mb4_0900_ai_ci;
/*!40101 SET character_set_client = @saved_cs_client */;

--
-- Dumping data for table `district`
--

LOCK TABLES `district` WRITE;
/*!40000 ALTER TABLE `district` DISABLE KEYS */;
INSERT INTO `district` VALUES ('2023-12-04 19:50:24.990327',NULL,'2023-12-04 19:50:24.990327',NULL,1,'05ea11c7-87d7-43ba-95de-00ba67b416eb','Bogura','479b4add-f8b5-4048-87e9-743ef48cbde0'),('2023-12-04 19:50:25.153181',NULL,'2023-12-04 19:50:25.153181',NULL,1,'0c6a9815-327b-4e64-a538-c09c53e2deca','Sylhet','fef149f7-d183-45af-97aa-06afdb46c134'),('2023-12-04 19:50:25.112993',NULL,'2023-12-04 19:50:25.112993',NULL,1,'189a960f-587f-4147-a406-ac27a713f445','Patuakhali','86a8c114-bb2d-4900-aab9-328b78a8b68e'),('2023-12-04 19:50:24.955012',NULL,'2023-12-04 19:50:24.955012',NULL,1,'19af22fe-90b7-47bf-addb-ef2629d711ef','Bandarban','ed759076-9001-4e7f-835f-d37aa33d3aae'),('2023-12-04 19:50:24.949953',NULL,'2023-12-04 19:50:24.949953',NULL,1,'1cd6bd2f-5151-4813-b863-d0a5d57fc983','Khagrachhari','ed759076-9001-4e7f-835f-d37aa33d3aae'),('2023-12-04 19:50:25.132999',NULL,'2023-12-04 19:50:25.132999',NULL,1,'1da65905-bcbe-4ca0-b948-f3217589c592','Barguna','86a8c114-bb2d-4900-aab9-328b78a8b68e'),('2023-12-04 19:50:24.916858',NULL,'2023-12-04 19:50:24.916858',NULL,1,'2472e4a9-295e-4c90-9ea5-075f3ab19e45','Rangamati','ed759076-9001-4e7f-835f-d37aa33d3aae'),('2023-12-04 19:50:25.276716',NULL,'2023-12-04 19:50:25.276716',NULL,1,'266b0fcc-6442-4a70-b4b6-0cf607129cae','Panchagarh','058949d5-d20d-458d-932f-b312ac6b8ee4'),('2023-12-04 19:50:24.946491',NULL,'2023-12-04 19:50:24.946491',NULL,1,'29afdb52-6357-4896-bb1f-bbc6dfa8e190','Coxsbazar','ed759076-9001-4e7f-835f-d37aa33d3aae'),('2023-12-04 19:50:25.124126',NULL,'2023-12-04 19:50:25.124126',NULL,1,'2e07adaf-f11f-423e-a1d8-1ba060d8e015','Barisal','86a8c114-bb2d-4900-aab9-328b78a8b68e'),('2023-12-04 19:50:25.195280',NULL,'2023-12-04 19:50:25.195280',NULL,1,'30028e3d-3a61-416e-9f8e-a7c4246c25df','Narsingdi','eb6e9978-3164-44d2-8f74-5495cee5988e'),('2023-12-04 19:50:25.128239',NULL,'2023-12-04 19:50:25.128239',NULL,1,'31dca596-c1bb-4829-bcfc-3cf8e85136af','Bhola','86a8c114-bb2d-4900-aab9-328b78a8b68e'),('2023-12-04 19:50:25.091187',NULL,'2023-12-04 19:50:25.091187',NULL,1,'32580a98-b672-4b7d-b00f-74f113c2836c','Jhenaidah','65d13088-35a8-48d5-b789-63e0e4635ba0'),('2023-12-04 19:50:24.977645',NULL,'2023-12-04 19:50:24.977645',NULL,1,'34f9f4b9-c89a-4595-91c4-9996cfe76648','Sirajganj','479b4add-f8b5-4048-87e9-743ef48cbde0'),('2023-12-04 19:50:24.905233',NULL,'2023-12-04 19:50:24.905233',NULL,1,'354bf396-fe1b-494d-8c41-b65ba0d6334c','Feni','ed759076-9001-4e7f-835f-d37aa33d3aae'),('2023-12-04 19:50:25.256557',NULL,'2023-12-04 19:50:25.256557',NULL,1,'3db00600-efb0-4530-8acb-3584cff359b0','Faridpur','eb6e9978-3164-44d2-8f74-5495cee5988e'),('2023-12-04 19:50:25.071971',NULL,'2023-12-04 19:50:25.071971',NULL,1,'420fb10e-9254-458b-86a4-41e792f348fc','Magura','65d13088-35a8-48d5-b789-63e0e4635ba0'),('2023-12-04 19:50:25.250662',NULL,'2023-12-04 19:50:25.250662',NULL,1,'4753f6e9-4586-455f-9fbc-1f7bf3df2e4f','Gopalganj','eb6e9978-3164-44d2-8f74-5495cee5988e'),('2023-12-04 19:50:25.246080',NULL,'2023-12-04 19:50:25.246080',NULL,1,'54da1c2d-d5c9-42ee-951d-22a7f7fb0e88','Madaripur','eb6e9978-3164-44d2-8f74-5495cee5988e'),('2023-12-04 19:50:25.035910',NULL,'2023-12-04 19:50:25.035910',NULL,1,'550a7842-d193-4f2b-933c-c04f0c7d5ca2','Satkhira','65d13088-35a8-48d5-b789-63e0e4635ba0'),('2023-12-04 19:50:25.323466',NULL,'2023-12-04 19:50:25.323466',NULL,1,'56057592-83a7-4965-a468-95d8705093dd','Sherpur','cbdc19f7-2d8f-4a9f-8ecb-e3087c729a11'),('2023-12-04 19:50:25.117229',NULL,'2023-12-04 19:50:25.117229',NULL,1,'59174939-eb4d-45cf-a7fe-96de1f44b1fb','Pirojpur','86a8c114-bb2d-4900-aab9-328b78a8b68e'),('2023-12-04 19:50:24.998976',NULL,'2023-12-04 19:50:24.998976',NULL,1,'598826ca-0877-435b-840a-88c286acf248','Natore','479b4add-f8b5-4048-87e9-743ef48cbde0'),('2023-12-04 19:50:24.920881',NULL,'2023-12-04 19:50:24.920881',NULL,1,'5ce7eb00-ce1d-41dc-9a68-3e476358a692','Noakhali','ed759076-9001-4e7f-835f-d37aa33d3aae'),('2023-12-04 19:50:25.219212',NULL,'2023-12-04 19:50:25.219212',NULL,1,'5cff38d8-371c-457a-97f4-02b73e6715d8','Kishoreganj','eb6e9978-3164-44d2-8f74-5495cee5988e'),('2023-12-04 19:50:25.233382',NULL,'2023-12-04 19:50:25.233382',NULL,1,'5f6db2b5-6b52-42fc-ad7e-9ad91454fd8d','Munshiganj','eb6e9978-3164-44d2-8f74-5495cee5988e'),('2023-12-04 19:50:25.239327',NULL,'2023-12-04 19:50:25.239327',NULL,1,'613786ef-86ca-47e5-ad61-22c82d20e779','Rajbari','eb6e9978-3164-44d2-8f74-5495cee5988e'),('2023-12-04 19:50:25.086357',NULL,'2023-12-04 19:50:25.086357',NULL,1,'63739a30-2b69-46b8-ab2b-5fc22a05be7c','Bagerhat','65d13088-35a8-48d5-b789-63e0e4635ba0'),('2023-12-04 19:50:25.055468',NULL,'2023-12-04 19:50:25.055468',NULL,1,'64e61953-506c-4c08-8ba4-e0ac62e57ada','Chuadanga','65d13088-35a8-48d5-b789-63e0e4635ba0'),('2023-12-04 19:50:25.211684',NULL,'2023-12-04 19:50:25.211684',NULL,1,'666fc331-6760-4ca6-ab9d-be0b4c400ec9','Narayanganj','eb6e9978-3164-44d2-8f74-5495cee5988e'),('2023-12-04 19:50:24.994798',NULL,'2023-12-04 19:50:24.994798',NULL,1,'68ab11cb-048f-4b58-a3eb-4a2fa0e314a9','Rajshahi','479b4add-f8b5-4048-87e9-743ef48cbde0'),('2023-12-04 19:50:25.215485',NULL,'2023-12-04 19:50:25.215485',NULL,1,'7350cded-fa13-4ede-bc41-7a779d89edf0','Tangail','eb6e9978-3164-44d2-8f74-5495cee5988e'),('2023-12-04 19:50:25.297144',NULL,'2023-12-04 19:50:25.297144',NULL,1,'75587398-64cd-47a1-8789-202eee1f63b7','Thakurgaon','058949d5-d20d-458d-932f-b312ac6b8ee4'),('2023-12-04 19:50:25.009271',NULL,'2023-12-04 19:50:25.009271',NULL,1,'78ad9bdf-497c-4d4a-86f1-922979dbbc67','Chapainawabganj','479b4add-f8b5-4048-87e9-743ef48cbde0'),('2023-12-04 19:50:25.165730',NULL,'2023-12-04 19:50:25.165730',NULL,1,'7c86e855-f757-461e-b786-5afc4ad76a3e','Habiganj','fef149f7-d183-45af-97aa-06afdb46c134'),('2023-12-04 19:50:25.108896',NULL,'2023-12-04 19:50:25.108896',NULL,1,'7dd7f194-cdae-45fb-a793-9315d4fd5e12','Jhalakathi','86a8c114-bb2d-4900-aab9-328b78a8b68e'),('2023-12-04 19:50:25.300758',NULL,'2023-12-04 19:50:25.300758',NULL,1,'7f66a56c-73f1-48a0-a858-de38531ebd41','Rangpur','058949d5-d20d-458d-932f-b312ac6b8ee4'),('2023-12-04 19:50:25.283591',NULL,'2023-12-04 19:50:25.283591',NULL,1,'86de278b-e497-4c66-8523-264a154622d8','Lalmonirhat','058949d5-d20d-458d-932f-b312ac6b8ee4'),('2023-12-04 19:50:25.003853',NULL,'2023-12-04 19:50:25.003853',NULL,1,'8de867bd-92f9-4160-9a5d-9e4d90d7e1f8','Joypurhat','479b4add-f8b5-4048-87e9-743ef48cbde0'),('2023-12-04 19:50:24.899533',NULL,'2023-12-04 19:50:24.899533',NULL,1,'9952f541-7ddd-4bda-b550-5e10ce6bee70','Comilla','ed759076-9001-4e7f-835f-d37aa33d3aae'),('2023-12-04 19:50:25.160602',NULL,'2023-12-04 19:50:25.160602',NULL,1,'9a429b80-5a20-4fd4-aa38-9b1e12c14ef0','Moulvibazar','fef149f7-d183-45af-97aa-06afdb46c134'),('2023-12-04 19:50:25.067028',NULL,'2023-12-04 19:50:25.067028',NULL,1,'a543de0f-83b7-491e-8a18-9aa0e7355c63','Kushtia','65d13088-35a8-48d5-b789-63e0e4635ba0'),('2023-12-04 19:50:24.942017',NULL,'2023-12-04 19:50:24.942017',NULL,1,'a58b3e80-6dba-45a5-83b6-4d803a7753c0','Chattogram','ed759076-9001-4e7f-835f-d37aa33d3aae'),('2023-12-04 19:50:24.927203',NULL,'2023-12-04 19:50:24.927203',NULL,1,'a786d397-836b-4b5b-aaf9-38d8019ebee8','Chandpur','ed759076-9001-4e7f-835f-d37aa33d3aae'),('2023-12-04 19:50:25.287403',NULL,'2023-12-04 19:50:25.287403',NULL,1,'acbe22e7-ad6c-4a3e-a8ca-fd17774a53f2','Nilphamari','058949d5-d20d-458d-932f-b312ac6b8ee4'),('2023-12-04 19:50:25.328095',NULL,'2023-12-04 19:50:25.328095',NULL,1,'b56f0ec9-a2c9-4f98-922e-bbd49e1f6e71','Mymensingh','cbdc19f7-2d8f-4a9f-8ecb-e3087c729a11'),('2023-12-04 19:50:25.293104',NULL,'2023-12-04 19:50:25.293104',NULL,1,'beb0393b-544d-4dad-9684-21da0a51ecfa','Gaibandha','058949d5-d20d-458d-932f-b312ac6b8ee4'),('2023-12-04 19:50:24.931299',NULL,'2023-12-04 19:50:24.931299',NULL,1,'c070c064-2e5e-4767-b5ce-f5ef52f958d3','Lakshmipur','ed759076-9001-4e7f-835f-d37aa33d3aae'),('2023-12-04 19:50:25.305007',NULL,'2023-12-04 19:50:25.305007',NULL,1,'c4562c98-5a8e-478e-901b-c6e71e1f7485','Kurigram','058949d5-d20d-458d-932f-b312ac6b8ee4'),('2023-12-04 19:50:25.079931',NULL,'2023-12-04 19:50:25.079931',NULL,1,'c50b088b-7ebe-472b-b69d-537007929e82','Khulna','65d13088-35a8-48d5-b789-63e0e4635ba0'),('2023-12-04 19:50:24.912029',NULL,'2023-12-04 19:50:24.912029',NULL,1,'c5832f48-6ee5-434e-98d3-44bef3b50752','Brahmanbaria','ed759076-9001-4e7f-835f-d37aa33d3aae'),('2023-12-04 19:50:25.331380',NULL,'2023-12-04 19:50:25.331380',NULL,1,'c5fef4cc-d549-43ac-8f52-924f82cbbe70','Jamalpur','cbdc19f7-2d8f-4a9f-8ecb-e3087c729a11'),('2023-12-04 19:50:25.200553',NULL,'2023-12-04 19:50:25.200553',NULL,1,'c8b0c47f-e3bf-4769-ae6b-3d2256a517f7','Gazipur','eb6e9978-3164-44d2-8f74-5495cee5988e'),('2023-12-04 19:50:25.225170',NULL,'2023-12-04 19:50:25.225170',NULL,1,'c92cf8ef-9ad5-4728-acd6-b375da91576a','Manikganj','eb6e9978-3164-44d2-8f74-5495cee5988e'),('2023-12-04 19:50:25.229524',NULL,'2023-12-04 19:50:25.229524',NULL,1,'cfa69286-1b1f-4623-b562-f36488b8cd07','Dhaka','eb6e9978-3164-44d2-8f74-5495cee5988e'),('2023-12-04 19:50:25.031785',NULL,'2023-12-04 19:50:25.031785',NULL,1,'d610f8d4-19b1-4ca7-a4e3-53da2963b061','Jashore','65d13088-35a8-48d5-b789-63e0e4635ba0'),('2023-12-04 19:50:25.042486',NULL,'2023-12-04 19:50:25.042486',NULL,1,'dbe8a91a-309f-4d8e-82a3-6d10ca1e40c2','Meherpur','65d13088-35a8-48d5-b789-63e0e4635ba0'),('2023-12-04 19:50:25.279519',NULL,'2023-12-04 19:50:25.279519',NULL,1,'dc125b24-b1a6-47b1-a5d7-09314e942ae3','Dinajpur','058949d5-d20d-458d-932f-b312ac6b8ee4'),('2023-12-04 19:50:25.050190',NULL,'2023-12-04 19:50:25.050190',NULL,1,'dcf41bfb-0d62-4a4b-9f1b-9324c3c48310','Narail','65d13088-35a8-48d5-b789-63e0e4635ba0'),('2023-12-04 19:50:25.206192',NULL,'2023-12-04 19:50:25.206192',NULL,1,'de9e6ddf-a315-4136-803a-dea58477f224','Shariatpur','eb6e9978-3164-44d2-8f74-5495cee5988e'),('2023-12-04 19:50:24.984389',NULL,'2023-12-04 19:50:24.984389',NULL,1,'ebbf7ce9-5a65-4ceb-a1c7-4af44dfa69a1','Pabna','479b4add-f8b5-4048-87e9-743ef48cbde0'),('2023-12-04 19:50:25.014195',NULL,'2023-12-04 19:50:25.014195',NULL,1,'eee332fe-07b8-4b5c-9fa0-53cb37a7e5c3','Naogaon','479b4add-f8b5-4048-87e9-743ef48cbde0'),('2023-12-04 19:50:25.173863',NULL,'2023-12-04 19:50:25.173863',NULL,1,'f6687bf3-21cd-4adb-a24f-ff42d15cceb9','Sunamganj','fef149f7-d183-45af-97aa-06afdb46c134'),('2023-12-04 19:50:25.336044',NULL,'2023-12-04 19:50:25.336044',NULL,1,'f6cfcf70-1587-4174-bac8-007ce65405c1','Netrokona','cbdc19f7-2d8f-4a9f-8ecb-e3087c729a11');
/*!40000 ALTER TABLE `district` ENABLE KEYS */;
UNLOCK TABLES;

--
-- Table structure for table `division`
--

DROP TABLE IF EXISTS `division`;
/*!40101 SET @saved_cs_client     = @@character_set_client */;
/*!50503 SET character_set_client = utf8mb4 */;
CREATE TABLE `division` (
  `created_at` timestamp(6) NOT NULL DEFAULT CURRENT_TIMESTAMP(6),
  `created_by` varchar(255) DEFAULT NULL,
  `updated_at` timestamp(6) NOT NULL DEFAULT CURRENT_TIMESTAMP(6) ON UPDATE CURRENT_TIMESTAMP(6),
  `updated_by` varchar(255) DEFAULT NULL,
  `is_active` tinyint NOT NULL DEFAULT '1',
  `id` varchar(36) NOT NULL,
  `name` varchar(255) NOT NULL,
  PRIMARY KEY (`id`)
) ENGINE=InnoDB DEFAULT CHARSET=utf8mb4 COLLATE=utf8mb4_0900_ai_ci;
/*!40101 SET character_set_client = @saved_cs_client */;

--
-- Dumping data for table `division`
--

LOCK TABLES `division` WRITE;
/*!40000 ALTER TABLE `division` DISABLE KEYS */;
INSERT INTO `division` VALUES ('2023-12-04 19:50:25.268769',NULL,'2023-12-04 19:50:25.268769',NULL,1,'058949d5-d20d-458d-932f-b312ac6b8ee4','Rangpur'),('2023-12-04 19:50:24.968909',NULL,'2023-12-04 19:50:24.968909',NULL,1,'479b4add-f8b5-4048-87e9-743ef48cbde0','Rajshahi'),('2023-12-04 19:50:25.027629',NULL,'2023-12-04 19:50:25.027629',NULL,1,'65d13088-35a8-48d5-b789-63e0e4635ba0','Khulna'),('2023-12-04 19:50:25.104344',NULL,'2023-12-04 19:50:25.104344',NULL,1,'86a8c114-bb2d-4900-aab9-328b78a8b68e','Barisal'),('2023-12-04 19:50:25.319051',NULL,'2023-12-04 19:50:25.319051',NULL,1,'cbdc19f7-2d8f-4a9f-8ecb-e3087c729a11','Mymensingh'),('2023-12-04 19:50:25.189327',NULL,'2023-12-04 19:50:25.189327',NULL,1,'eb6e9978-3164-44d2-8f74-5495cee5988e','Dhaka'),('2023-12-04 19:50:24.896216',NULL,'2023-12-04 19:50:24.896216',NULL,1,'ed759076-9001-4e7f-835f-d37aa33d3aae','Chattogram'),('2023-12-04 19:50:25.149517',NULL,'2023-12-04 19:50:25.149517',NULL,1,'fef149f7-d183-45af-97aa-06afdb46c134','Sylhet');
/*!40000 ALTER TABLE `division` ENABLE KEYS */;
UNLOCK TABLES;

--
-- Table structure for table `gym`
--

DROP TABLE IF EXISTS `gym`;
/*!40101 SET @saved_cs_client     = @@character_set_client */;
/*!50503 SET character_set_client = utf8mb4 */;
CREATE TABLE `gym` (
  `created_at` timestamp(6) NOT NULL DEFAULT CURRENT_TIMESTAMP(6),
  `created_by` varchar(255) DEFAULT NULL,
  `updated_at` timestamp(6) NOT NULL DEFAULT CURRENT_TIMESTAMP(6) ON UPDATE CURRENT_TIMESTAMP(6),
  `updated_by` varchar(255) DEFAULT NULL,
  `is_active` tinyint NOT NULL DEFAULT '1',
  `id` varchar(36) NOT NULL,
  `name` varchar(255) NOT NULL,
  `monthly_fee` int NOT NULL,
  `is_air_condition` tinyint NOT NULL DEFAULT '0',
  `allowed_gender` enum('Male','Female','Both') NOT NULL,
  `location` varchar(255) NOT NULL,
  `website` varchar(255) DEFAULT NULL,
  `contact` varchar(255) DEFAULT NULL,
  `rating` int DEFAULT NULL,
  `working_hours` json DEFAULT NULL,
  `business_status` enum('Operational','Closed') NOT NULL DEFAULT 'Operational',
  `district_id` varchar(36) DEFAULT NULL,
  PRIMARY KEY (`id`),
  KEY `FK_3a278b2e3b5945b3aefdbb5bb69` (`district_id`),
  CONSTRAINT `FK_3a278b2e3b5945b3aefdbb5bb69` FOREIGN KEY (`district_id`) REFERENCES `district` (`id`) ON DELETE SET NULL
) ENGINE=InnoDB DEFAULT CHARSET=utf8mb4 COLLATE=utf8mb4_0900_ai_ci;
/*!40101 SET character_set_client = @saved_cs_client */;

--
-- Dumping data for table `gym`
--

LOCK TABLES `gym` WRITE;
/*!40000 ALTER TABLE `gym` DISABLE KEYS */;
/*!40000 ALTER TABLE `gym` ENABLE KEYS */;
UNLOCK TABLES;

--
-- Table structure for table `migrations`
--

DROP TABLE IF EXISTS `migrations`;
/*!40101 SET @saved_cs_client     = @@character_set_client */;
/*!50503 SET character_set_client = utf8mb4 */;
CREATE TABLE `migrations` (
  `id` int NOT NULL AUTO_INCREMENT,
  `timestamp` bigint NOT NULL,
  `name` varchar(255) NOT NULL,
  PRIMARY KEY (`id`)
) ENGINE=InnoDB AUTO_INCREMENT=8 DEFAULT CHARSET=utf8mb4 COLLATE=utf8mb4_0900_ai_ci;
/*!40101 SET character_set_client = @saved_cs_client */;

--
-- Dumping data for table `migrations`
--

LOCK TABLES `migrations` WRITE;
/*!40000 ALTER TABLE `migrations` DISABLE KEYS */;
INSERT INTO `migrations` VALUES (2,1701627828985,'DivisionEntity1701627828985'),(4,1701635257472,'DistrictEntity1701635257472'),(5,1701701949185,'DistrictOnDelete1701701949185'),(7,1701802737026,'GymEntity1701802737026');
/*!40000 ALTER TABLE `migrations` ENABLE KEYS */;
UNLOCK TABLES;
/*!40103 SET TIME_ZONE=@OLD_TIME_ZONE */;

/*!40101 SET SQL_MODE=@OLD_SQL_MODE */;
/*!40014 SET FOREIGN_KEY_CHECKS=@OLD_FOREIGN_KEY_CHECKS */;
/*!40014 SET UNIQUE_CHECKS=@OLD_UNIQUE_CHECKS */;
/*!40101 SET CHARACTER_SET_CLIENT=@OLD_CHARACTER_SET_CLIENT */;
/*!40101 SET CHARACTER_SET_RESULTS=@OLD_CHARACTER_SET_RESULTS */;
/*!40101 SET COLLATION_CONNECTION=@OLD_COLLATION_CONNECTION */;
/*!40111 SET SQL_NOTES=@OLD_SQL_NOTES */;

-- Dump completed on 2023-12-06  2:27:52
